393e79902d910bab0ea61e80b0362724,2020-04-13 23:23:21 +0000,0000c3d2b42fdcc473e354544917cf06,"SAFCO Commercial Wire Shelving, Black",ECMF8DCXZYMAFRBG,Corporate,Office Supplies,Storage & Organization,Large Box,8daf39002a49f3e815be4eb78b4dcf6a
2d01506c99f0d100e30a7bca35a9bac8,2020-04-28 12:39:44 +0000,000421eca5d7fc190ce76aeaef8d216a,"Tennsco Snap-Together Open Shelving Units, Starter Sets and Add-On Units",DSTFDHYRMRFHZ5ZR,Corporate,Office Supplies,Storage & Organization,Large Box,c6ded425127a420a7fc2c62078624125
1c7fdec69c3ceef2e9a6d4763e8894d7,2020-04-15 04:11:49 +0000,0004827464082980ca5c2afd70ec3f22,Honeywell Enviracaire® Portable Air Cleaner for up to 8 x 10 Room,TOHFEHNJAHPWXYXB,Home Office,Office Supplies,Appliances,Large Box,468d6a8306623d068bc64c10e1bfd23d
4f9856f15c7768acddc8fba0b116ffd1,2020-05-29 09:49:59 +0000,0009845cd27e386923351b19fb122936,Sharp AL-1530CS Digital Copier,CILFMTCMEEKN3VFB,Home Office,Technology,Copiers and Fax,Large Box,99a1d65cea589a9f6d0170296eda5d68
eba4e11a9a88db7715518ad0c08a074c,2020-04-21 02:59:09 +0000,000e31456d74f5e938d9546d60afc68b,"SAFCO Commercial Wire Shelving, Black",LOCENSHE6CVTGSHJ,Corporate,Office Supplies,Storage & Organization,Large Box,7990ec382c61bf8c79e16ddfc865a85f
9338935f130b976227e75ab3cae07ea3,2020-06-28 15:10:55 +0000,00108568d1558b111add707ba4796885,Hoover Portapower™ Portable Vacuum,MSCEZHNQ8G3GKGDT,Corporate,Office Supplies,Appliances,Large Box,05f82d1c6383cf9248cc0d776db6b15b
26f0ba204d769af60df614b26479898d,2020-05-04 23:42:34 +0000,00113314d49b2de13cc756e69d473772,Sharp AL-1530CS Digital Copier,SOPF79HTNFFZKSTR,Corporate,Technology,Copiers and Fax,Large Box,6f0336bbb81406852315ba95fbbd01c9
e9bfb1a28b1108cc47e245dd7cec05d4,2020-04-28 00:54:05 +0000,00118f66e1c62295718326859ba7d714,"SAFCO Commercial Wire Shelving, Black",CBKFFN27GG3REYNH,Corporate,Office Supplies,Storage & Organization,Large Box,0c87b91cecebedec80f16f9975ec8282
804d44ceb0cc230ae8a75d8222a1864c,2020-05-19 14:02:55 +0000,001277d5797bc515fc09601e730ef3a9,Canon PC1060 Personal Laser Copier,MATFJ3YBJG5KYFSV,Corporate,Technology,Copiers and Fax,Large Box,fc62b9761551669c460b7267f4cd49eb
23a95579a4c866dceb45ce1da4618a4c,2020-04-28 18:18:42 +0000,00132d6df9591c168e19337c05ccb475,"Tennsco Snap-Together Open Shelving Units, Starter Sets and Add-On Units",CBKFJV7Z4NEUU7FT,Corporate,Office Supplies,Storage & Organization,Large Box,af1da8091f43697969996b3f32fe07e7
c597fce22c0b53224af65958a9b3b506,2020-06-03 03:08:48 +0000,0014cc18f0315b879c8d2f6ebfcc5a00,Canon PC1060 Personal Laser Copier,SMPFZYZ3RRHGVSGM,Corporate,Technology,Copiers and Fax,Large Box,6f0d05281962528bd6e3c65a3a312ef3
695f67f8b0fb52aabad4b8c130879ceb,2020-05-31 07:33:25 +0000,0014cc18f0315b879c8d2f6ebfcc5a00,Sharp AL-1530CS Digital Copier,SMPFZYZ3RRHGVSGM,Corporate,Technology,Copiers and Fax,Large Box,6f0d05281962528bd6e3c65a3a312ef3
62e0eb08320740fba618cf37870bfc6e,2020-04-15 16:50:15 +0000,0019c2cccb021fa5b019241064bdbbef,Euro Pro Shark Stick Mini Vacuum,BEOFK4RSATQ9EJD2,Corporate,Office Supplies,Appliances,Large Box,06f67a952e7bf21b5889c1e60f50239b
43dfe9f60b38fb0e9ff8fb721701b8ac,2020-06-08 14:03:34 +0000,001ea9a435b2424e2cf2e5a3c450f1a6,Canon PC-428 Personal Copier,KHRFK74EFUKY6MDP,Corporate,Technology,Copiers and Fax,Large Box,2020efb9a7fdb14953a10c831b026e55
d9563b80765e2717ad4dbc48a5a5a151,2020-06-14 11:03:14 +0000,0020a522d54876083dd817ab2ce49d6c,Canon imageCLASS 2200 Advanced Copier,BSLFS9E6XFXHNMDY,Corporate,Technology,Copiers and Fax,Large Box,138d28862cbd216383ca22b2bac811c3
54bc6fc20be9bb2ff7a2c199a805c139,2020-04-22 01:43:00 +0000,0020c9e3c0b357efecb9e21cef595a6d,Sharp AL-1530CS Digital Copier,PLWE4MDRFWQVSNKG,Corporate,Technology,Copiers and Fax,Large Box,2380bec8e29392cbffae2a2d5bc3a5ad
b936edfaec95384eb42ac6ec00d94d23,2020-05-10 12:23:14 +0000,0020ef5b66dc820da888a33c1ec604e4,Canon Image Class D660 Copier,MTPFMKJZHAYMGDH9,Corporate,Technology,Copiers and Fax,Large Box,d08c16864aef53182ec1fe717032aae1
ae32ccd285affd812921b0c9be61c077,2020-05-05 00:16:56 +0000,0022ffd4172ca79078e776471b1a4ffa,Hoover® Commercial Lightweight Upright Vacuum,THBFKTCZVFTUPMAH,Corporate,Office Supplies,Appliances,Large Box,a336a197eed05cd22e17877005375e70
58f2001a2b327a4d96b768d2c8673905,2020-06-03 07:40:49 +0000,0025ad9e6365323647516b779662f6f9,Tennsco Commercial Shelving,TMRFKYH2HRVMSEXG,Corporate,Office Supplies,Storage & Organization,Large Box,be2b0e2ae04c160798774f9030d51bee
4aaad09a71a913ba946c89847dba8e21,2020-05-30 09:03:09 +0000,002a3effbca6010c8d1b3c0d1ef02407,Tennsco Industrial Shelving,HRMFE8MZHAUBQS8G,Corporate,Office Supplies,Storage & Organization,Large Box,3001ac8f09485cf73627bc9e50974440
68bd54b9245fea4aa72cb12b388bffd6,2020-06-17 16:16:59 +0000,002f5963f3b4f91284acca7ff7275e52,Canon PC1060 Personal Laser Copier,ESDFHTFGESABGV5E,Corporate,Technology,Copiers and Fax,Large Box,371ad8ae713889cfda26551133ae62a8
4437b98ea372f2fb9c79941baa21deb2,2020-05-18 22:51:26 +0000,003132d26798eda5f5438a2d6ed0395e,Honeywell Enviracaire Portable HEPA Air Cleaner for 17' x 22' Room,FAEFNWTPHYDXFXJY,Corporate,Office Supplies,Appliances,Large Box,595ff8f138e676a0e47e492a599bd9b0
08693c52f0a75063012dfde8398ef1ef,2020-05-20 09:43:33 +0000,003164c27b3ac2c83b7d5fc1a92f3087,Canon PC-428 Personal Copier,DNSESRZFCTPWNHHY,Corporate,Technology,Copiers and Fax,Large Box,cb3f99bec91aaf3cd31afce25f05ad8f
a4e98701feb9f150eae62227fc60ad61,2020-06-09 00:08:56 +0000,00317ea56ab0aff280bdda2acd8f4952,Office Impressions Heavy Duty Welded Shelving & Multimedia Storage Drawers,ATAFG2GYFHUYNZA9,Corporate,Office Supplies,Storage & Organization,Large Box,959c0e5257f691b1147dc64a5db65663
5f04777694dc8568cb3cf108a4780d4c,2020-04-13 18:42:38 +0000,00332c2667439fd40976ba8d7a2510ae,"Carina 42""Hx23 3/4""W Media Storage Unit",CBKFGG3KYT7HDNWE,Corporate,Office Supplies,Storage & Organization,Large Box,64cef37bb13dfb219960cc313b125a55
bfb25f1109c81d8a6814a2bd665f5c36,2020-04-21 04:26:23 +0000,00338607ad66656ae4f4ff50794ca91b,Holmes Odor Grabber,HSTFJ6QGW2ZGBNSK,Corporate,Office Supplies,Appliances,Medium Box,ef45e5995ccd78914352d616f885e169
4f5a7c85d0b78ad5a9319b2c232741ba,2020-04-06 20:43:01 +0000,00342870804c96d9ecca71820ceb6be2,High Speed Automatic Electric Letter Opener,TBHFFXVXPGEAGTUU,Corporate,Office Supplies,"Scissors, Rulers and Trimmers",Medium Box,439d54d764e2e9a6636de72dc1247208
6e7a9591b0dd3c58a663030a85b46d29,2020-05-28 08:57:43 +0000,0035fbd377dd53abbf5fa79e63f32457,Canon BP1200DH 12-Digit Bubble Jet Printing Calculator,HSAFBNCQYFYMFGYT,Corporate,Technology,Office Machines,Medium Box,b2c0421d2530ee01922594d87db7996d
02c20d8d3a59915c759406b1714066f8,2020-06-23 13:16:01 +0000,0036827032324727997b5bcac1cd14e8,Polycom ViewStation™ Adapter H323 Videoconferencing Unit,HRMFJP83JWFHN7F3,Corporate,Technology,Office Machines,Medium Box,9d3c105de066f5f52258289b7c1ca3c1
863ae218429d005eea8f70ea26efcdb6,2020-06-13 15:46:35 +0000,00376fb56eee0a741b51d901314a9147,Eldon Portable Mobile Manager,SMPF9HCHQKQGWHUE,Corporate,Office Supplies,Storage & Organization,Medium Box,c006e179c1c28fec81ea616eefd09580
a61078b03f7803c69a08d0898c4bbab2,2020-04-29 04:44:47 +0000,00392764f58ba7ef034d74eff638759a,Canon P1-DHIII Palm Printing Calculator,DSTF5FWG7YE97ZXK,Corporate,Technology,Office Machines,Medium Box,4c0a29b8f256054cc02b4216ed4860ab
060fcf4969ee0a3ba37750eb7eacd84b,2020-06-03 09:25:06 +0000,003af2482c0d846f166146bc01df1498,Bell Sonecor JB700 Caller ID,ELRFJAV8JC2FZDFR,Corporate,Technology,Telephones and Communication,Medium Box,17aec85f60a8065335ceaff6f9c2667d
ea26fff6a338233ec6e516bd2c096d78,2020-06-13 16:33:11 +0000,003bef00ab1ff1c8851f406e3390be56,Canon MP41DH Printing Calculator,OTLEU5S4QHFTQMZY,Corporate,Technology,Office Machines,Medium Box,5066ff8424243cc93399ad51464c712f
0ec1b6e51bb3b1c1261f2dea8e204a71,2020-05-31 17:00:30 +0000,003c97b3e3c44b350bb92ed890a5bcdf,VTech VT20-2481 2.4GHz Two-Line Phone System w/Answering Machine,PLWFADSD2XH4ZDGA,Corporate,Technology,Telephones and Communication,Medium Box,4ae2980dda020aea4f21add6546bf6d2
c54ec8dd4b35f5e88f00660e26448d73,2020-06-02 08:55:28 +0000,00439078bcd8780de3e0da71d2f7a9ab,Bionaire Personal Warm Mist Humidifier/Vaporizer,SMPFJRE9FZGHZ46N,Corporate,Office Supplies,Appliances,Medium Box,12578523062dd792f3e804c52c763b42
3e4cd0d4c049e077745dfe5ccdb9ca49,2020-05-06 21:01:33 +0000,00453e2d8e710d69bb957d16d85e35f8,Canon MP41DH Printing Calculator,TMRF7ZYVNHHDPHG6,Corporate,Technology,Office Machines,Medium Box,e4b50e515877410f228dc31a275e1709
b3e71656ba0299299ed8793829038677,2020-06-24 16:26:54 +0000,00498ec01d0774265d4f0cb806d3cb91,Honeywell Quietcare HEPA Air Cleaner,FCWFHHX9FGP6QFZY,Corporate,Office Supplies,Appliances,Medium Box,4a8723b96c80c962b5f58afbd191589e
e61d2558843ec0a8847473401c6a8102,2020-05-29 09:46:49 +0000,004d2827502458e5d20cbe6d9c9ff986,SouthWestern Bell FA970 Digital Answering Machine with Time/Day Stamp,CILFAJBZUKYHXTGG,Corporate,Technology,Telephones and Communication,Medium Box,85630cb2dc2ddf23b44dbd60d5c849fa
2ad631fb17b234623c647dc498f5b0ca,2020-06-10 14:21:53 +0000,004e57bbf3d845f8a11a21c329a32dd9,TI 36X Solar Scientific Calculator,BLBF4QQFRKQNZH2Y,Corporate,Technology,Office Machines,Medium Box,8a27b9b7584cb7a4ba38607d879dc936
56c5fd34173303a4246031d2ebc8d139,2020-04-15 01:49:26 +0000,00500802c3fff25c49f3fd5874c9116b,"Sharp EL501VB Scientific Calculator, Battery Operated, 10-Digit Display, Hard Case",DUBFBQYUKBKJJPDG,Corporate,Technology,Office Machines,Medium Box,a9147d2cf6580a56be4625ba50f2d641
1a5340806620ddb5f311926350155851,2020-05-31 10:31:28 +0000,005010244d9a486159fdc2eeacaa568b,Sharp EL500L Fraction Calculator,PLWFDZWHRRH5Y2NK,Corporate,Technology,Office Machines,Medium Box,3b5a813e6624b9ae8bfff2c2a236c15d
8a25ea28cf79284576f867249d25905c,2020-04-23 17:45:45 +0000,005109974f16a00c24b215a52b5cabaf,"Panasonic All Digital Answering System with Caller ID*, KX-TM150B",DEOEW8XSHBFJED2H,Corporate,Technology,Telephones and Communication,Medium Box,17870be5ede42567687cd88427298bdf
45d05d698384818ea3c2f8b5f2d5b2ec,2020-04-23 05:34:23 +0000,0051a1f723ee22ac275890c4e1e274fa,1726 Digital Answering Machine,MIRF7UN3YZQCEQYK,Corporate,Technology,Telephones and Communication,Medium Box,903df33a1f82acb3825563567d0f4163
a4d2daea94d9e200d1e4613a214ba40d,2020-04-23 18:40:44 +0000,0051a4fd4ca6be0227c23a3948f2b586,1726 Digital Answering Machine,DEOFKUHSGD8GTK5Y,Corporate,Technology,Telephones and Communication,Medium Box,0fab93c3df5df227c74f4ca079d918b6
81078e24f188f72e4e9db3580294c6b5,2020-04-16 01:37:53 +0000,00560b7faf95f0d92cb05d54efc57782,TI 36X Solar Scientific Calculator,BEOF2UP8CFPYF5QZ,Corporate,Technology,Office Machines,Medium Box,8915097d5810db39a999b9640ac38d50
63a9713231fce0ce84d69a77e63df0e1,2020-04-14 13:01:46 +0000,0056d8f6a5be8eef04fa3ff6fb0b0a53,Canon MP41DH Printing Calculator,MATFJ3YCNPUGHE5F,Corporate,Technology,Office Machines,Medium Box,cf6379d95e8e2230368013e61729ef60
9b9cc5f63c677f66661e2dbcdf88aa10,2020-04-07 05:53:01 +0000,00575b4ba5b40eba0300847a3e1981a3,TI 36X Solar Scientific Calculator,PLWFZY8KYGFZXQHT,Corporate,Technology,Office Machines,Medium Box,390c0b353654ba8a56adc7ee6bcfeaf1
d1066e3fca2f92dc6f7132335d961738,2020-05-30 02:38:54 +0000,0058a9e26877f082b4d9def685e01c62,Sharp EL500L Fraction Calculator,FCWEUBYKBXZEHBVP,Corporate,Technology,Office Machines,Medium Box,65aa628ede7a294ad41d3d6c134ee85c
9cb258eb9ad11dbea30524468892c377,2020-05-30 20:42:26 +0000,00590f1b16e1b48cf9d8bdf8ed856cd6,Canon MP41DH Printing Calculator,HRMFJFHP7GRTSWSF,Corporate,Technology,Office Machines,Medium Box,0916fa7dff779b221bc2e2d61bb84364
79c3df9e4ae7610f171347ca014ab48f,2020-04-07 05:24:26 +0000,005c78a3d37631d8f4922010f8fe195d,Polycom VoiceStation 100,BLBE2XFMVFVMDMTD,Corporate,Technology,Office Machines,Medium Box,2102636f9da34f37de395afeb8687394
ea3c84483e54679a028651ba2af39223,2020-06-28 12:53:17 +0000,005dc223a0b83de24c04c487bdae31dd,Sharp EL500L Fraction Calculator,TAMETFHM6YGU4K2Y,Corporate,Technology,Office Machines,Medium Box,59eb4b4514bdcc8ea62af2042491059c
d3caf8702190910c4022196c494a2f30,2020-05-05 16:05:48 +0000,005f18ecb1e471a93f0cf55fa03399d8,"Holmes Replacement Filter for HEPA Air Cleaner, Medium Room",HSAFFH2GQNMFX5DX,Corporate,Office Supplies,Appliances,Medium Box,1767522313957cd32fbc6906a5503bce
389652bea967d6bc8ee0377e2933d049,2020-04-30 07:23:49 +0000,005fe6181e5b7bdcf0c7c91d0d212dab,Canon P1-DHIII Palm Printing Calculator,SMPFBJ2VRHQFQYXT,Corporate,Technology,Office Machines,Medium Box,148b4c160a3d9d95f03769f2f86f8162
a75e718a6ede06b00ecc79152693fbe2,2020-04-14 11:28:28 +0000,0061008797185c6e0a8637a3857ef751,Holmes Odor Grabber,MASEZPSEKMUN8PVR,Corporate,Office Supplies,Appliances,Medium Box,48c06d5c7b618dba59d3ca176337069b
b498edbea0d7caf097b2bd29b7bfb1ef,2020-05-19 08:57:56 +0000,006101fe63743cf44f4c8a46ff908cd0,TI 36X Solar Scientific Calculator,BLBFHRCZ8VKVMTHN,Corporate,Technology,Office Machines,Medium Box,528853a1d08ee610303edf46457f0276
92967bf0af68df345e422e5f01f8ce37,2020-05-18 22:26:36 +0000,00630909752ea56bd5a391e54ee5ff76,1726 Digital Answering Machine,FIOFDR8Q7JGCXSFW,Corporate,Technology,Telephones and Communication,Medium Box,79119b5df634f694e06ef930fd0c548c
7e1d4222d7e0b124fd9eb0bbb34a4640,2020-04-06 16:47:56 +0000,00630fc504230942266516af4efb9aec,Holmes Odor Grabber,CNRFPDSHGHFPBSXN,Corporate,Office Supplies,Appliances,Medium Box,e1bcd897dfa767020889e0b48461747f
7e7912fbcc97539598dfb1fc4c8d66a0,2020-04-30 00:17:06 +0000,00630fc504230942266516af4efb9aec,Xerox 1881,CNRFPDSHGHFPBSXN,Home Office,Office Supplies,Paper,Small Box,eea6b5292b243278f78b76878fe1b1d6
3c0c88acd9a9f4daafc942a215b376e8,2020-04-29 17:56:20 +0000,0064494d6d80b052ec9a292f7be402ff,Xerox 213,CRLF8VQ8HYHUXZGX,Corporate,Office Supplies,Paper,Small Box,e84a681180fe17c56f175063141bcf18
3e82e2300430574724d6cd23bb5251cc,2020-05-23 09:53:56 +0000,0065b35f7a89b77654bcc29b02476742,Xerox 1887,BLBFGH7VSKKYKZQA,Home Office,Office Supplies,Paper,Small Box,908fd59f8d5ec813eab5220e531bc136
2ad77f9a6c6ce685735add03e220240c,2020-05-29 16:49:12 +0000,0067801abccff253b571d1e8c3753999,Microsoft Natural Multimedia Keyboard,ELRFDU85WDKZPFYG,Corporate,Technology,Computer Peripherals,Small Box,b264e4239be5d2a46543e8103b8736e2
3713d3d873fab2e433459958ec40ce44,2020-05-26 23:33:49 +0000,006a0802628432973e32921048476843,T39m,SPCEYPQSHTXWZYBG,Corporate,Technology,Telephones and Communication,Small Box,93fa3ffb910e5f3487c5d8a416d96c98
33e95864f01b25c5e9253cf864828f0c,2020-05-19 13:27:38 +0000,0070c421b483df6babd0f783c430959c,Recycled Eldon Regeneration Jumbo File,HRMFCG4DWF9A9YVH,Home Office,Office Supplies,Storage & Organization,Small Box,6df79b91947da8261123de0bd64c602d
a7989ccd2b865fe6ac39ee1fba98cf0d,2020-06-23 19:42:54 +0000,0076c05f3557838ed8c97dbaaabdd792,"#10- 4 1/8"" x 9 1/2"" Security-Tint Envelopes",MTMECUW8V49ZCKWP,Corporate,Office Supplies,Envelopes,Small Box,108786db5416e6a6bece50d88c1355ad
e35124b1eb8d7a4e7bdcdbb0bf414dba,2020-06-09 19:37:31 +0000,00770990593e32863900b489a3c9fe62,"Recycled Interoffice Envelopes with String and Button Closure, 10 x 13",TMRFH2GZH4XPEV9E,Corporate,Office Supplies,Envelopes,Small Box,653eb2d961f5dfd7bdaa0a9656403888
114bbacc1fa18e9a167a5441ee09d57e,2020-04-22 05:42:06 +0000,00787fcaf92bac28f6bcfdca655c2753,Home/Office Personal File Carts,HRMFFYSKGGVCK8XP,Home Office,Office Supplies,Storage & Organization,Small Box,a865ad489697122261f4f573680e9eae
d957aed425fcdadb345170fce8f0ccee,2020-04-30 05:38:36 +0000,007b4c612ff76232258bc53bd1144215,"Tenex File Box, Personal Filing Tote with Lid, Black",PLWFYSAJFAA4RYD8,Corporate,Office Supplies,Storage & Organization,Small Box,67d09a04babfd23e3e55bf0dd800fb60
ab3e4517f62ec4fbdb44d6135130b171,2020-05-05 12:35:53 +0000,007ccd9e94eadfad0ca7be872f9c171a,Portable Personal File Box,SPCFHY5HNFTDYNGG,Corporate,Office Supplies,Storage & Organization,Small Box,51d3be1284634a2cf90530ea991239a0
523015ca07896144e332aea46ff7f819,2020-05-05 12:18:08 +0000,007f9f0b6860f3f1f1b5f59a9aed82f3,PC Concepts 116 Key Quantum 3000 Keyboard,LOCFQ48UGEDG6DZY,Corporate,Technology,Computer Peripherals,Small Box,a4335af6431c991995ae2d6fd3818c86
2957de736fb8e74c75b62930c987347c,2020-04-13 13:28:58 +0000,0082e31ecd319a604164e033b62821e1,Avery 492,CBKFGD34SC3FNV7J,Corporate,Office Supplies,Labels,Small Box,cd4932729e0f9d86b527afc7f64cb2c6
ce6bc9c6ec11e74cfcd46719957a9f73,2020-04-15 16:49:58 +0000,008c1b68b69087fa873aefced66fb8db,"Wilson Jones 1"" Hanging DublLock® Ring Binders",BEOEXDYYE4VXEMTT,Corporate,Office Supplies,Binders and Binder Accessories,Small Box,ccf8cf30d25eb4b3bf8c3a824fd81de1
d82b2f43da98bd589935422022884b61,2020-06-24 16:13:57 +0000,008c4b176e7a69df2aeae797816b442b,Avery 493,OTLFJGGDMNKPKXHY,Home Office,Office Supplies,Labels,Small Box,0adbfd4d2da6a27b89f751519e9730b7
0524ec1690a0d486334859375f6405a2,2020-04-07 06:08:21 +0000,008dd20e8b2b1c626535bea9a41e303f,Fellowes Bankers Box™ Staxonsteel® Drawer File/Stacking System,SMPFH8MJHHDZGZHK,Corporate,Office Supplies,Storage & Organization,Small Box,844c5c41d91ff5cdfaf969f6c182c779
234cedb6e605dca887bbe68f0f8287bc,2020-05-12 23:59:24 +0000,008ef0a3850bb5870b13b3a130d38863,i1000,NPYFHKTJ6AWMZUWH,Home Office,Technology,Telephones and Communication,Small Box,df520b716187d4822e565fe34a4ff19a
f3ffa7bd3df4bc63f55976c00d8389d6,2020-05-26 02:32:46 +0000,0093a27df54f10d09b5f0d456b49b3bc,Xerox 1985,SMPFNEHEEXG7M3KC,Corporate,Office Supplies,Paper,Small Box,cf08720376e9790b8f68d7f9561a3c76
d10f36d0d929878933f8c3e4343379c3,2020-04-29 14:52:00 +0000,0095a0f67d5caa36a9bcec4889828461,Xerox 1920,FEMFMAJ6QGHPGRMR,Corporate,Office Supplies,Paper,Small Box,e28985f8930263a3cd49b49079c687ca
55f1229f315ffde53f0e15cc23b94b7d,2020-05-30 19:29:29 +0000,0097a2c6fb2d97614f0c986e332fe024,Belkin ErgoBoard™ Keyboard,VSLFQYGH47XJYYAJ,Corporate,Technology,Computer Peripherals,Small Box,8213a12fc2b0104bfa35ac4298a2b57d
577e641b9d009f3afd78db58b4b113a4,2020-06-01 23:53:40 +0000,009b33d5aac7735cf2a7e08654608485,8860,DEOFJBXYGJF3SX94,Corporate,Technology,Telephones and Communication,Small Box,383045ae9729782b2ee48f77f1be4ac9
4b88a5ff38d61db0df1dbb04e673740e,2020-06-24 12:16:35 +0000,009c916edb5213fa655c12945d771820,252,OTLFAG94D693ZZ8D,Corporate,Technology,Telephones and Communication,Small Box,c74cb9305212c813b53b6e4920e22b85
76f615fecae4ad1e0c99d35947cf172c,2020-06-28 14:11:23 +0000,009cb7d374cb02d7f2cd6f3ea96111d4,GBC DocuBind 200 Manual Binding Machine,HRMFJGPJG9GSCQTX,Corporate,Office Supplies,Binders and Binder Accessories,Small Box,66c9c8bbfaf98b4d939cc6393266c983
df7c91492d0f561bd89983e5dd73783a,2020-05-09 14:05:54 +0000,009cb7d374cb02d7f2cd6f3ea96111d4,GBC DocuBind 200 Manual Binding Machine,HRMFJGPJG9GSCQTX,Home Office,Office Supplies,Binders and Binder Accessories,Small Box,66c9c8bbfaf98b4d939cc6393266c983
ad78da4f90f58cea88f7b162a9eca04f,2020-05-19 01:49:28 +0000,009e50602aa39525f83bb8655c878848,CF 888,CBKFCDYMV5VD88FB,Corporate,Technology,Telephones and Communication,Small Box,2811aa18ed3062b0afbe008a034c80e0
9a25fdf2de09596c974d363bd275de0e,2020-04-22 10:47:06 +0000,009e50602aa39525f83bb8655c878848,Staples Premium Bright 1-Part Blank Computer Paper,CBKFCDYMV5VD88FB,Home Office,Office Supplies,Paper,Small Box,b2be18c3176f51963d2bd957a35767f0
6599576dd2fb8e50d8b11fe11e5a1a33,2020-05-30 07:27:31 +0000,00a04246a906aa9643c9c567067bd464,Belkin 8 Outlet Surge Protector,ESDFF5XUEZ58CFFJ,Corporate,Office Supplies,Appliances,Small Box,830f9ffcc3d0af9dcd4b69e975c35da9
e8b70fe0a207e0e6594cf8f684d8a8cd,2020-05-30 08:25:22 +0000,00a2ccb320133725db042d7cbd7a97be,"Gould Plastics 9-Pocket Panel Bin, 18-3/8w x 5-1/4d x 20-1/2h, Black",SMPFZFB8UXHWKFCE,Corporate,Office Supplies,Storage & Organization,Small Box,0c776de8e4a0f208af4d731e67c2ef6b
969e47167d6af0a194994995b2495707,2020-05-20 12:39:49 +0000,00a3b684ab06e6a69e35cbe7ec43df68,Colored Envelopes,SANFPWHYSNNSTTRE,Corporate,Office Supplies,Envelopes,Small Box,dc7943f1f2236ba43624f8a3b3583e79
9c2fab65a5945b66b62b2cc96349e9bf,2020-04-14 13:15:29 +0000,00a3e3cefe71f8b24c79a5260d65defd,Southworth 25% Cotton Antique Laid Paper & Envelopes,BWLF7BY3KWBJY4GJ,Home Office,Office Supplies,Paper,Small Box,213f40bf59ea151c5830b206ea936451
f0074e7ec10deb6c696f4f1cbe1453e0,2020-04-22 10:32:45 +0000,00a4eeb749c2dbfb842370461b3ab3de,5165,NPYFZ6D6A3C38VUV,Corporate,Technology,Telephones and Communication,Small Box,10aa4bbdc613efa01ae807931caf79c4
15506cf6ae40ca2440e65236818f4591,2020-04-30 16:08:49 +0000,00a531016b8e512b84868181c9e04a1e,Fellowes Super Stor/Drawer® Files,SOPFDDTF4UZRZBBG,Home Office,Office Supplies,Storage & Organization,Small Box,c4ebd09b842b1373a6fc1c15554bb901
1246c45eba3d0f71bb395fd903cc3114,2020-04-07 05:29:21 +0000,00a9da185c7992475ea73bf416786111,Eldon Jumbo ProFile™ Portable File Boxes Graphite/Black,SOPEV3W39XWFUQQQ,Home Office,Office Supplies,Storage & Organization,Small Box,21d1e7ac8db59038c9a6bb8b8dc05836
ee087cfa57ce474c74e3a42cdb5d065a,2020-06-02 09:18:08 +0000,00a9e3f247e06ea46fa52e581d92fcd0,Adesso Programmable 142-Key Keyboard,ECMFFJHUZBBPQU3H,Corporate,Technology,Computer Peripherals,Small Box,56a2403efc759b832a66786a5c225e41
ef28f71dabb7faf046487a8d5794c5d9,2020-04-21 21:54:47 +0000,00b2f8c3d46e06d6eba703942945eb13,Belkin F9M820V08 8 Outlet Surge,BTWEZSD2DYVTA9XG,Corporate,Office Supplies,Appliances,Small Box,52d5ead1f69e7d13d29e46a0f5f50e0d
756b1a9e51e244c20fa39395476f4897,2020-04-15 14:05:09 +0000,00bf50b2dc60a57d7721c07792fc6945,GBC VeloBinder Strips,LOCFGSYANVBQYMMA,Home Office,Office Supplies,Binders and Binder Accessories,Small Box,2f2481500aa1a6ba505ea767d84bf46c
e54334105a1edfe08ad43feafc9c6082,2020-06-01 14:55:30 +0000,00c014834317f4620139894e42b004f9,StarTAC 7760,PLWE9YB6TMYH4UHH,Corporate,Technology,Telephones and Communication,Small Box,12acfe76072b32b8d27294baf49acc29
7ca80b15c14834b5d553b3c07d81261a,2020-05-30 02:38:41 +0000,00c1bdb93a8b3ddb9c08f12236ce7147,Xerox 210,ATAFR8PQFCHN982F,Home Office,Office Supplies,Paper,Small Box,755e435a2443479a87c125c64b9d3cb3
8593d113ed552897015be5edb538cc50,2020-05-27 05:26:16 +0000,00c24f9a8e093ce6eab07e1e47bf3692,Project Tote Personal File,FNDFKTHZ9BBXDBHA,Corporate,Office Supplies,Storage & Organization,Small Box,894b89fb5abcd2be5af67a815b5a4241
c9035cbc726a529258ffd20a7c8356c3,2020-05-24 11:04:25 +0000,00c2d1c43889f3a4aacedcd2f115fd71,i500plus,CNTFNZ9WKNR3RGEJ,Corporate,Technology,Telephones and Communication,Small Box,2997cabde46cc4246f16455064a7ffda
dd01f8a4805a22d2734370cb36bd5e09,2020-05-31 04:20:02 +0000,00c966eb240a6cbbefad3077f549cdb0,Belkin MediaBoard 104- Keyboard,SOPFF3NFVKE3HNS4,Home Office,Technology,Computer Peripherals,Small Box,a344dcc96a8deab1fb130a409b2ba37e
43e3b63078f18ac5fdb4ed571cb5ebb2,2020-04-30 15:38:52 +0000,00c966eb240a6cbbefad3077f549cdb0,Xerox 1947,SOPFF3NFVKE3HNS4,Corporate,Office Supplies,Paper,Small Box,1eaa6b21e23fdc7abcdb286c745ab036
2da62139a7aeb228e18c34d7e7a60e58,2020-06-01 21:23:00 +0000,00d47e4aab39c0a3da6730ebb99d8594,Xerox 1920,HSMF7YYGZFG7TSGH,Corporate,Office Supplies,Paper,Small Box,875833d81638a007f8cec1725fe4f219
2f581e1327c1eab457a883e58125fc35,2020-04-14 18:45:59 +0000,00d6e8e195dab1b5043e80d2f8c6cb8c,Hayes Optima 56K V.90 Internal Voice Modem,MATFAXNVXMRU4GGH,Corporate,Technology,Computer Peripherals,Small Box,ed4a329e5b4c60502671786bf695be0e
e419deaac72fd22608febb5a087ac440,2020-04-07 09:15:16 +0000,00d751b0315429431536ab55d2d1094c,Belkin F9M820V08 8 Outlet Surge,PLWE8HMP8R9N7EGF,Corporate,Office Supplies,Appliances,Small Box,d76e73d7b61b5f7cee15478ce0fe3a40
df75651f636aa1b0ff9eba7b116ca930,2020-04-21 05:52:37 +0000,00d77b451c77a41d83167fdf52da6bb1,Xerox 1893,CPLEV5M8JCFJ6H9P,Corporate,Office Supplies,Paper,Small Box,3c5fedf16c4bd4d2e60533cd03d6cb5e
b4df8b1c6364aa55036ced7aa49d78b9,2020-05-20 16:18:35 +0000,00d899eed974b268904b20e2c45fe3b3,Ames Color-File® Green Diamond Border X-ray Mailers,FIOFHFHG33FFF7ZH,Home Office,Office Supplies,Envelopes,Small Box,fa095619c60a9770483c5840d66c52f8
004f83deb531d06743bc34eed6b75e55,2020-06-23 20:11:20 +0000,00d8f48096d3e3a1080a242306b28cd2,Nu-Form 106-Key Ergonomic Keyboard w/ Touchpad,WSLF2XR8NYRFFCWR,Corporate,Technology,Computer Peripherals,Small Box,1e822d1bbdcb66639b1eb0287f93070b
e504401ff5c5f798d18a1b4d352002ed,2020-06-17 15:58:27 +0000,00daac1ed8f68f006023acbc0e124011,g520,BMBFKAJMBGMYXFPG,Corporate,Technology,Telephones and Communication,Small Box,e91157cfdf578a7a7006dd0b79a3ce12
5a0e88dd2e5b51c393de41aae8dfb34e,2020-05-21 02:24:44 +0000,00de9ba5eca2af9bffe557da29fd0ff5,Avery Hole Reinforcements,FRNFJFPWYZH3F5MY,Corporate,Office Supplies,Binders and Binder Accessories,Small Box,a505eb5e3e98064d6ca312d2b8c34fcd
f7ebb8a8968b3db8e35075496bbfbf98,2020-05-16 06:17:40 +0000,00e0a591ce463c1b73f8881a4e2e1955,Belkin 105-Key Black Keyboard,CBKFJK4V3QV3U7JG,Home Office,Technology,Computer Peripherals,Small Box,a1e803502900572303f31752b890cb85
7c7e260e2b6e741506a5e65bb805e3d1,2020-05-29 14:21:37 +0000,00e1d159badda8b3b815e587e6eebee1,T65,CNTFPMKZMFADZFHP,Home Office,Technology,Telephones and Communication,Small Box,c09e075bf3a4e0042254e5246df9ead3
daaec2cc8ba70867b92a52bce4d0cf6c,2020-04-14 06:54:11 +0000,00e22825249f8444be4bcd2f019621c2,"Avery Trapezoid Extra Heavy Duty 4"" Binders",FNDFJ253CHHQY7VH,Corporate,Office Supplies,Binders and Binder Accessories,Small Box,ad00ba591004dee29b9263ad8cca8022
62a211331905b714cd0c3e0951b2c242,2020-06-01 18:36:10 +0000,00e494b2588632dc5188647910c517fb,V 3600 Series,DCHESFKN25C6NHBG,Corporate,Technology,Telephones and Communication,Small Box,afac2a2ae06f9027ca4f00b14f7019e0
b8564303b37befc8f6c12c6b73002258,2020-05-30 07:55:08 +0000,00e4ecb1c7d915fc192734d1a3474038,US Robotics 56K V.92 External Faxmodem,FCWECNPQX98GTVZ2,Corporate,Technology,Computer Peripherals,Small Box,fac48c893663e4949cea0fcf29560b6f
6d38aed9692aa7392a33978be6d31e20,2020-04-07 08:22:22 +0000,00eb68da0b470d6c08945f295169fb17,Xerox 1885,BLBEB992XYF4Q8CG,Home Office,Office Supplies,Paper,Small Box,4ae029cee191c11236aee3fd332aadcd
fae4ec7c5f3299e40e684358e4283abf,2020-06-14 01:37:05 +0000,00ed1bbe6abe9cab1b8280fdd9c8c1e5,CF 888,OTLFEE2D4HHGQSSV,Corporate,Technology,Telephones and Communication,Small Box,5f76f84ca3d33efde232513c53e4579e
586d10cc7eaf925dff4343c65062710c,2020-05-26 04:36:50 +0000,00ee1c0bd1fc5a0b4423082f1020a51b,Belkin 8 Outlet Surge Protector,FCWFEKZUGCWDAPXP,Home Office,Office Supplies,Appliances,Small Box,4b1d7e3ea26d4df91685c87dfc61dd88
a18133880d40dd22772e15e1ebbd32b1,2020-04-21 08:25:28 +0000,00f04e9ab9aba7b95d2792e7f6f408f0,Surelock™ Post Binders,BLBEYGWAMPC5QXCE,Corporate,Office Supplies,Binders and Binder Accessories,Small Box,b5d720658fe0dde49f2eecd9a543fcb9
6033ed9400f339203f21acfd375f926c,2020-04-21 16:29:03 +0000,00f0d734c310ac80a6b6a5a90774579c,Avery 491,BLBECB9JDUBRZ6BZ,Corporate,Office Supplies,Labels,Small Box,ecc643a7c5f86594884c37c3a1b9c2be
2d95945c2f989efd648fb96d3047c4f0,2020-05-17 17:58:27 +0000,00f2a0eaf41c313d1f1face7f7919b3d,"GBC Pre-Punched Binding Paper, Plastic, White, 8-1/2"" x 11""",SMPEW5FSG93HSREM,Corporate,Office Supplies,Binders and Binder Accessories,Small Box,3e51c85ab1eeeb72d5f2fbe76cc4a887
4f50912f45b567cb80ac06eda642e38b,2020-06-28 16:11:23 +0000,00f30b8f71322b58db4b9ac12b9785ff,"Fellowes Internet Keyboard, Platinum",MKTFZ2364MVZVTSG,Home Office,Technology,Computer Peripherals,Small Box,34cd66cfaffd7fc858ffbd2f014fbd96
7a244477ef1cbead6a491af0d67c70b4,2020-04-06 18:07:57 +0000,00f3f102f5ff5e811db05668c220a4f9,Fellowes Super Stor/Drawer® Files,WSLEXUNNGF5TUCA7,Home Office,Office Supplies,Storage & Organization,Small Box,e86edb192adfb91b3f040cdccd259dcc
edf9e7fd6318f53b7f3fde0461025031,2020-05-23 21:38:14 +0000,00f849daefd7eca5d8cf04b9a04e8221,Hoover WindTunnel™ Plus Canister Vacuum,HRMFJGHX94R2JWTF,Corporate,Office Supplies,Appliances,Small Box,b3a3515a55f33281cf92d89f5de85a96
f592dcb7597b3595a282307ad91f5fa8,2020-06-10 04:13:16 +0000,00f8b9e52c75c3db9d60b715b7a61a0a,"GBC Laser Imprintable Binding System Covers, Desert Sand",TCKFJV3WWSY7M4GY,Corporate,Office Supplies,Binders and Binder Accessories,Small Box,cb60f480fda964cca2f84d78ef1f8627
e941b4356edf43376bfe1358e5115743,2020-04-28 13:46:00 +0000,00fa432588dab03615149c4ee860dd27,Belkin F5C206VTEL 6 Outlet Surge,HRMFNG45GU6RDZZW,Home Office,Office Supplies,Appliances,Small Box,ea76932d76e576ae17ee3f3377d82d13
f0a3b0a7429a9f592cdeaad9b6d135b8,2020-04-13 15:27:47 +0000,01017a5cccc89015b5da4fae0f51466a,Computer Printout Paper with Letter-Trim Perforations,CBKFD85QDJES8DQY,Corporate,Office Supplies,Paper,Small Box,5e45f396c5f2660b44919cb52585e68e
f5d6ad8b47099e0a2120ec4cc8de15a6,2020-06-03 06:24:47 +0000,01017a5cccc89015b5da4fae0f51466a,Xerox 199,CBKFD85QDJES8DQY,Corporate,Office Supplies,Paper,Small Box,4a263fb8a8491f5b64e57dbbf19f50ee
41f7123b51152fe4d41043c6a91e2019,2020-04-29 17:13:57 +0000,0103d55d029871a90a4e06876071b321,"Avery Flip-Chart Easel Binder, Black",HRMFJFHPJHFEJWEZ,Corporate,Office Supplies,Binders and Binder Accessories,Small Box,581f5bdfcefcf1a45b97e6cd17610970
04a80671b64f6e52ba4361d3f4aef681,2020-04-27 17:28:19 +0000,01050c5a0132161accfea1fa011f99b0,GBC Instant Index™ System for Binding Systems,HACEHBZR4RRJGWZY,Corporate,Office Supplies,Binders and Binder Accessories,Small Box,3db1d97c8db15a058b526e736243dd53
14d8feb8ba4a7359aa1e1f129c181c18,2020-04-28 05:37:28 +0000,010633154cc37817db15151a0de9f9b7,Park Ridge™ Embossed Executive Business Envelopes,SMPFMNHEQHUA4VGG,Corporate,Office Supplies,Envelopes,Small Box,29fdcc39f2ed70718f1136e8072afe5d
92b4b2ac879788945066ab29ff6d6462,2020-05-20 08:28:32 +0000,0106ff59ff75b24034edc7ab5cd08277,Xerox 4200 Series MultiUse Premium Copy Paper (20Lb. and 84 Bright),CNTF2Q48GZTUFTWX,Home Office,Office Supplies,Paper,Small Box,b02fc5fd8b6ab9825d1de26795a7f551
552c5ceb6841b0c55d60f52b3a4a6384,2020-06-14 01:38:26 +0000,010c3279a01990ecf4b6ddab9147afd7,Filing/Storage Totes and Swivel Casters,OTLFG6RYMYVGDFUU,Corporate,Office Supplies,Storage & Organization,Small Box,b7ba7d65e4622700aadc6fa690fd8441
62345ee183bb980eea700f1c2f3ceff6,2020-05-10 00:37:13 +0000,011217991059a9a0776c29825077836d,R380,MASFGUXHS3KJTPU8,Corporate,Technology,Telephones and Communication,Small Box,dd531cda6e3eaadf10fab654751e4beb
7f1496fb018ade2c3c6a61ec8853af3b,2020-05-18 03:14:39 +0000,01161a8703e49931bad14371a9d4ec91,"Angle-D Binders with Locking Rings, Label Holders",SOXFHZEZYR88Z4SB,Corporate,Office Supplies,Binders and Binder Accessories,Small Box,bd82e40a7479dbb4c86e429592087dba
58c643adcfdff231431051db65c35fb6,2020-06-13 23:42:50 +0000,01172dcb4efef7309b3530c2eb11071f,"SAFCO Mobile Desk Side File, Wire Frame",DSTFGJ3XHHWNHUVP,Corporate,Office Supplies,Storage & Organization,Small Box,3bb0ade80752a1e72407264b3e3cb5e3
8c3d089aac2c7631c0aa86afceed113e,2020-05-09 20:16:21 +0000,0118429fccf5b31b9227a850ee6b3d85,g520,AICF54UDEP3ZU3YB,Corporate,Technology,Telephones and Communication,Small Box,e8f2178e8b938a7fb1e2e5300ecf15de
036f5a55bc1a960aa0ed7fb3833bc0ee,2020-04-06 23:32:04 +0000,011ce44367da689d23fec25299f02525,LX 788,BLBFZPH2FTWGATKB,Corporate,Technology,Telephones and Communication,Small Box,f0b65007e34d0b3fa52e076aff7ad40a
1efb81721a423eb72f03ab226b78c5f4,2020-05-23 23:41:09 +0000,011e50f97bcb412731595239b58a488f,"GBC Pre-Punched Binding Paper, Plastic, White, 8-1/2"" x 11""",MSCF7J9NHGCB5FZR,Corporate,Office Supplies,Binders and Binder Accessories,Small Box,6314fc1c7a7282655e4f46e2169237fb
1c71b6b4cab92644f2da594c6d5b54da,2020-05-30 04:33:04 +0000,0120d7b43490e96bf02142439e7425a4,Self-Adhesive Address Labels for Typewriters by Universal,CDSFMYWCA3HCXASX,Corporate,Office Supplies,Labels,Small Box,177c8a9541c157bc532432ce7725161d
6accfbf7616315287ef450c68a073b45,2020-06-27 13:29:35 +0000,0128583b79a50c3e512d1067d7ddc66f,Avery Binder Labels,SOPEV2G8ZTEAPRJM,Corporate,Office Supplies,Binders and Binder Accessories,Small Box,4d7256efd575daad9fabe362a977a988
f62bde245f94cd2efd6057242cabaaa6,2020-05-26 03:39:14 +0000,0128704ed9b0c57f28e98b128e281190,"IBM Multi-Purpose Copy Paper, 8 1/2 x 11"", Case",ATAFP7TGRT2VP9HS,Corporate,Office Supplies,Paper,Small Box,9ecd5cfb1dcfcd4fa4ca8b8f36adcfd1
e7d8feb562c98a917eeb0bbfb35b92f1,2020-06-28 09:35:59 +0000,012a9e970813c2b3b98b1c5934478117,6160,NABFJF5GYFWYHFKR,Corporate,Technology,Telephones and Communication,Small Box,341087ab17221f1c31829376c2559e81
6e3b1ac83b22eca4e95cf237a1b62cdc,2020-06-01 19:09:21 +0000,012cc3d936d08bccd735bc49a3495b83,Avery 49,SINESRHVTHHJVY2U,Corporate,Office Supplies,Labels,Small Box,c3efe0c8abb1066e144d591d8194fa56
617c8f1d12b4bf687f2691d3f2de1323,2020-06-23 06:01:32 +0000,0130ce1a128081f74d33ea27fdf2239e,Avery Arch Ring Binders,SPCFHZZNGZ45FUFA,Corporate,Office Supplies,Binders and Binder Accessories,Small Box,2ffe91c47d96239048049aa4ec89f7af
733c72bc769b08527955693a7d8eeeee,2020-04-14 10:00:48 +0000,0130ce1a128081f74d33ea27fdf2239e,APC 7 Outlet Network SurgeArrest Surge Protector,SPCFHZZNGZ45FUFA,Corporate,Office Supplies,Appliances,Small Box,d5de7ad4021bd83635751d80bc95cd4e
24389f0cbf4cf8f54c5c3182adb9dc33,2020-04-07 09:21:35 +0000,0132b5c194d9e7a2f93452c225de40cc,Xerox 1966,PLWF4JG7MGJKGPNT,Corporate,Office Supplies,Paper,Small Box,6decaa12957b8771b5850ea320e7e58a
1244953a4df98e1a9d94667ce2c7429f,2020-04-13 11:30:34 +0000,01339f1869cd1c6dc46eb0a922ffad7d,"#10 White Business Envelopes,4 1/8 x 9 1/2",HSYFAETHDJES7HYM,Corporate,Office Supplies,Envelopes,Small Box,ace10da7ad89526e4140d01b15b0eab7
e00aecbcd5533d3018bd5673631a8dd7,2020-04-06 14:11:19 +0000,0135d215add620b2774e4e38d72c6e98,"Acco Smartsocket™ Table Surge Protector, 6 Color-Coded Adapter Outlets",BPMFGZUFXJRSQXHY,Corporate,Office Supplies,Appliances,Small Box,dd72624a51820aecdc4f4bd3cb059e05
99e6487a4d19d60747d33a21935a1159,2020-06-21 01:40:18 +0000,0138ce0e5683349adbc36cabc3d95858,Avery 506,SOPFPGF6EYWRUFAZ,Corporate,Office Supplies,Labels,Small Box,726cf16cbc972c9478d4386676e9b811
92e2dae6a2e8afeb0951eab7a55b52ea,2020-04-28 05:15:43 +0000,013c385864cd4da857a3768161901864,"GBC Pre-Punched Binding Paper, Plastic, White, 8-1/2"" x 11""",CILFZ357SWQP2RFF,Corporate,Office Supplies,Binders and Binder Accessories,Small Box,3b174f9c02e50c972db4c15103af846c
275abb4998ab1e9534069dfd4af4a4de,2020-05-16 18:01:34 +0000,0140a2855be5d055814672b6bd1753da,Satellite Sectional Post Binders,SMPF6ZZFQ5MR7EZG,Corporate,Office Supplies,Binders and Binder Accessories,Small Box,80dcf60935545c562d9b3d8db1646f2f
6e4edffac925ee50744f9d2b18e9c132,2020-05-18 23:25:05 +0000,014163fa2e8dc84e3fbd5e020634fcb5,Hanging Personal Folder File,TBHFE53TGNRKWZDN,Corporate,Office Supplies,Storage & Organization,Small Box,32c84ef0eb4f69a5964a6618b7d9a8f3
8a9f0ad8b0463ebb9355497beaaab2d6,2020-06-28 01:00:58 +0000,0142e0b3c9a3aeef9b6de4d9d41d13a6,Fellowes Black Plastic Comb Bindings,PAEFH3ZECVTTVKXW,Corporate,Office Supplies,Binders and Binder Accessories,Small Box,3a18807530fe137b88857b474fdb2106
957d788ebfae6b597d8c31ffcc6b6205,2020-05-10 06:26:13 +0000,01455f515368e527c2b5e28e7a6be549,Xerox 224,HRMFDZXF4HJ95HGB,Corporate,Office Supplies,Paper,Small Box,82792ae0249b862141273755b3f95bd3
cbd539b5e19cc38dd601c2cf859d3bdd,2020-06-13 23:52:32 +0000,014712d64db13fc5157a478e69876d42,"Multi-Use Personal File Cart and Caster Set, Three Stacking Bins",BLBFMW38FZHTUV6X,Corporate,Office Supplies,Storage & Organization,Small Box,84a105fc89b133ded8a148c930168929
7b58db8efe04afe08e7da2c992a2dec8,2020-04-29 21:19:32 +0000,014d1a51c4e5848d240d24fd575f06d0,Xerox 20,SOPFZATEBY9WHYPZ,Corporate,Office Supplies,Paper,Small Box,54b572787165760bd61d87e23ba727bb
2560b1b12cdb91708b27c1010db9eabd,2020-05-27 10:11:07 +0000,014deac1aa3b0ccd582b4d901172c53e,Surelock™ Post Binders,HRMFGD827SVFYGFR,Corporate,Office Supplies,Binders and Binder Accessories,Small Box,5a89d0b75e0e9b1d35e506684629aa71
3772b7c899dbb15320ea1b15d2dcb432,2020-04-29 21:46:18 +0000,0150ac3d84e0f192bccf220d6cbf0bc4,Xerox 1971,HRMFJEYXEVQ84QZW,Corporate,Office Supplies,Paper,Small Box,338b833c203828a80964223390cc04f1
d41907d83010b91d6f88fead170b4d27,2020-06-18 00:30:44 +0000,01548c794a5b9d40217b7ea50c7e9211,Durable Pressboard Binders,HACE7EXD9PBZTKDH,Corporate,Office Supplies,Binders and Binder Accessories,Small Box,371b6d39964b647ff89c5c995d89290c
0b61fcdc354fb2ee635b7b7a6ac085b5,2020-04-21 04:21:13 +0000,015669464dea85712852cf010ae575d6,Fellowes 17-key keypad for PS/2 interface,HSTEU8Y3FHYRJV3N,Corporate,Technology,Computer Peripherals,Small Box,4aef387d209ba971e77b600f4fb2cbcc
27a98ee7dac65e99aff538cec7c8d888,2020-06-01 13:05:58 +0000,015aea9973d0d6740e8689d123a4aa21,StarTAC ST7762,MATFF2UTHW5HZYGS,Corporate,Technology,Telephones and Communication,Small Box,cff54e7b0efc2eb6541099d21fd84e4e
234a7567855a0a5e94589cf5d9630f93,2020-05-19 07:35:08 +0000,015c7749ae196cef3c4a31ff35d7b122,Staples 6 Outlet Surge,CBKF9N3BAZP9ABU6,Corporate,Office Supplies,Appliances,Small Box,130e7869e6f4f49ee32814008c1677d4
1833755deb6acc525725c0464e6af8ea,2020-06-17 14:50:58 +0000,0161cbab0480b0b70bce7dc3a7bc045a,GBC Binding covers,ATAFGYWGR4SCYNHB,Corporate,Office Supplies,Binders and Binder Accessories,Small Box,cb8c5282a5a134fd195a0bb75a1cccb6
281ff1ffbed7b83eabc1daf07f5f4e76,2020-06-17 03:17:29 +0000,0169e68281969eb35aa25cc21590b534,Xerox 1930,HWSFSC9KZGKZR33V,Corporate,Office Supplies,Paper,Small Box,30c944c0458e985c014cc9b7f8b63768
bb12845099f2a9a6852239b439d36b70,2020-04-21 16:15:22 +0000,016b4da3fd3128c21861c1ec47383754,Avery 474,FCWF54TCAXQWFUYR,Corporate,Office Supplies,Labels,Small Box,8e051e45f5e36c189554a00f1f2d13f6
6ba822cc9baa17997d9a32d3b7abbbb0,2020-04-13 20:49:48 +0000,016dc9b92154ed017a99ee8d692ce294,CF 888,OIDFFHKYPVVD5Q3K,Corporate,Technology,Telephones and Communication,Small Box,1ebba4d2dbda1b33b8b65701d30bd21c
718b0304e398bf9b0aa86f6cc5b9636e,2020-04-06 17:11:02 +0000,017011d9cf6da283240a24787b0b7b99,"Fellowes Basic 104-Key Keyboard, Platinum",DBSFJV4EGRUDVHCS,Corporate,Technology,Computer Peripherals,Small Box,7c4132e5c9cd2f7d50bf6fe46c29c451
d0088cc922ef19e58706d32b342d7f39,2020-05-23 04:08:32 +0000,01703816340cdc3419a8aa81644f25b6,Xerox 1892,HBMFYT7QFZFX3RNJ,Corporate,Office Supplies,Paper,Small Box,895eab5057e9925303da8ac48dcc195f
40582e6d5170383c5d040bad944a5cb8,2020-04-22 06:46:14 +0000,0176e4a1b21119da9e5a78f3107b63cb,Avery 507,VSLFHTG5KHPY3SU3,Corporate,Office Supplies,Labels,Small Box,064f5153970b544414cab866ce07a245
6a354a1a3322a7013b55dc0994d50708,2020-05-09 07:32:53 +0000,01778b9642246643c14ef6d0302398cd,i470,HRMFF9RVKGTGDTX6,Corporate,Technology,Telephones and Communication,Small Box,9f18f704b5d0d822907f725253d5e9f5
8a46bedb27479ea8ced04d557ecf5639,2020-05-21 15:02:07 +0000,0177a100e0c6a1671b9bc3f7d7c7e15e,3M Organizer Strips,PRMFZG5GMHFTGYSG,Corporate,Office Supplies,Binders and Binder Accessories,Small Box,d1423ab4e29378d038cc95cd5953db14
9103938894fb513b41b609760c9bee2c,2020-06-02 01:58:29 +0000,0178b639bd58d6bd253a9b6f4a76eefd,300 Series Non-Flip,DNSEGGHHWFQZNHMC,Corporate,Technology,Telephones and Communication,Small Box,2bed6623dc70c521e009db2fa903fc86
86f54d17eb2d4e924d49867df756f9b6,2020-05-29 19:15:45 +0000,0178fbdca0ef9bd0736ab4a2b0bc105c,GBC DocuBind TL200 Manual Binding Machine,SMPFK9H2TWAY4QAH,Corporate,Office Supplies,Binders and Binder Accessories,Small Box,d26d4ffb81fe671698d5fa0ed5d95532
f9b463d5fb97e4cb46f4f493556d077c,2020-05-21 13:43:35 +0000,0179753fafb982f68a3df4ddd1498037,Xerox 1940,MASFBCFEPUS7HZFF,Corporate,Office Supplies,Paper,Small Box,fb327bdbc6dac1e650e45dec5cb996fe
df6034b2b6cd9972212b3a44ee0f947a,2020-05-19 12:34:15 +0000,0179ebb63d6740130f818fc26bf21bcf,Xerox 1897,DPRFGABQGAJWQDZC,Corporate,Office Supplies,Paper,Small Box,b26028d60f9f1cc82fd772d4bb5a68cd
8bb63e4849b7ea86c9b8d141b43f0d9b,2020-04-07 04:25:41 +0000,017a5958a4e72fe36c1c716a657d67bc,Heavy-Duty E-Z-D® Binders,MCWFZGCVYWZCAQWD,Corporate,Office Supplies,Binders and Binder Accessories,Small Box,0103cd3cd2148a7a338f78921dfecd37
3794c532c1765a1fafb42b6730e6fcc1,2020-05-10 03:05:32 +0000,017a7355900da55c29f43f6be2ed4cce,Hammermill CopyPlus Copy Paper (20Lb. and 84 Bright),NPYFE6CJYAZFF7RG,Corporate,Office Supplies,Paper,Small Box,f2f06c6245b6f27bd50a925110b9efe0
410f0f3c50dc9620d9493fefa23d0ddf,2020-04-22 18:15:30 +0000,017acd9012aeb7885bf95c54fdc8f8dd,Deluxe Rollaway Locking File with Drawer,DEOFHCB6FFPPJDZJ,Corporate,Office Supplies,Storage & Organization,Small Box,6561d87c8819e9d62c9f2735b2ab76e3
7feae5d13e256c803ff163ed03e472a9,2020-05-19 02:30:34 +0000,017ccb65c8bae27ec5d1ac0692b475fc,6160,MASFGZ9DSMUUZ8TX,Corporate,Technology,Telephones and Communication,Small Box,4c053d336217b4c90e82f0aff676e92e
900ac5b6cee448d150a2a958f4392bf0,2020-05-30 06:19:38 +0000,017d2ec9aea290c8771968940435529d,"Avery Trapezoid Extra Heavy Duty 4"" Binders",DUBFDUFCPYCYMNKH,Corporate,Office Supplies,Binders and Binder Accessories,Small Box,ddac073b6aa419d33878b3274641a9b9
50c643cea6e035cc1251fdf0aa180d62,2020-05-09 01:13:11 +0000,017e682e213c0f5415a00e824ad1958b,Self-Adhesive Address Labels for Typewriters by Universal,NPYFDHYTVZBNUE2S,Corporate,Office Supplies,Labels,Small Box,86eeecfe14e7fcf3c1d41981b090f98b
dc2e988865ec5472e061482ed747e2c7,2020-05-16 07:55:49 +0000,018112267610eaab2abcc1ae71138f4b,"Fellowes Internet Keyboard, Platinum",DRMEUTH4C7NDFCFW,Corporate,Technology,Computer Peripherals,Small Box,7cbc9f982d113b6181727e9f2a6abf4f
d5be987f6fd674a2615abf3bbac12282,2020-06-02 08:24:24 +0000,01821fdb7e042fa327a81fc5d7d00e5e,Deluxe Rollaway Locking File with Drawer,FRNFZQMJYBZZPYWZ,Corporate,Office Supplies,Storage & Organization,Small Box,d0689f9868095a6b0dc322a25d7d9fef
97fcbcade081bc2021b6955521a48e6a,2020-05-30 20:12:58 +0000,018600a205a3e63a4af890bdc525b73c,Lock-Up Easel 'Spel-Binder',MASFEGM9TNSJM67U,Corporate,Office Supplies,Binders and Binder Accessories,Small Box,735a308c8d21b71007bcdd6a9c85c8e4
84785f2372362c3224d6e0c6d44a0c10,2020-04-15 22:17:05 +0000,01883b8a98b50854ca0281f495808aae,Fellowes Black Plastic Comb Bindings,MATFQHYADK83XCZR,Corporate,Office Supplies,Binders and Binder Accessories,Small Box,6d8b17cadf161ac27d7ecc10ea026835
6e23bc8b294176c3b2f5a74bd5b9160b,2020-06-03 00:35:36 +0000,018876dcb21e10469b7215bde8f97ecf,Kensington 7 Outlet MasterPiece Power Center,PSGFJ58HCZGRDU2P,Corporate,Office Supplies,Appliances,Small Box,68e6750acd938a7dd1d5c6d8e55b0ef3
4bca51a265e6ad69fd8e634143bcbb40,2020-06-17 15:04:18 +0000,018d835df89ba2608f3d741c2fbf2f1c,8860,HSMFE8ZAWWM683HZ,Corporate,Technology,Telephones and Communication,Small Box,e21623d15f7d340794a5d641f1216605
12eb7336eb35a82be708e18942f177c1,2020-04-21 12:32:49 +0000,018dc2a1fc52b02ed2d315b3e9a4e279,Pizazz® Global Quick File™,FCWFG7XYKFJQNGJ3,Corporate,Office Supplies,Storage & Organization,Small Box,a8ef483985a39c31dd08de8f6ee74c91
65fe9edeca8c2ffad44330a3675d3d5d,2020-04-21 16:57:17 +0000,01917ca8e3eb85fd271ea312e607398f,Acco Perma® 2700 Stacking Storage Drawers,CILFJNBDPTSTT268,Corporate,Office Supplies,Storage & Organization,Small Box,7a111d72f45bd8d1cd1bb0ca77b40fe8
04eb279c6ab1326d6c64ee47b0b9db44,2020-05-31 23:58:00 +0000,0192cdc33019306c622c6b667a6d9f8b,Avery 494,PLWFRWNFB5APAA7Z,Corporate,Office Supplies,Labels,Small Box,b1e30d65825292add372699c96f08d5b
958f021e7504362468f9789c91db51fd,2020-04-23 18:48:47 +0000,0193d3a592ce66d6da7955409ae00d34,Self-Adhesive Address Labels for Typewriters by Universal,DEOF26CPDHNYPHBZ,Corporate,Office Supplies,Labels,Small Box,b061abf47d1db64b1410f57d3d11de64
5051b0586dc83d90a18dcff2f3b105f2,2020-05-20 13:53:17 +0000,01979960db29920a463fd7bb93e32759,Cardinal Poly Pocket Divider Pockets for Ring Binders,MSCFQEH94NYZPWC4,Corporate,Office Supplies,Binders and Binder Accessories,Small Box,8fd154d7daa78cbf45b0f7abdf2fbb33
40b406ff967f3cad6e510397967ff544,2020-04-07 08:45:13 +0000,019a941f135811400c281e5b0de5219c,R280,HRMFGRY7NZZV558U,Corporate,Technology,Telephones and Communication,Small Box,250bb0373655ac7c4252b4246170ca3d
24da1f4447ff4d0cdc07e92756d0e509,2020-04-28 08:25:51 +0000,019bce4f7621320848632d73ec071483,U.S. Robotics 56K Internet Call Modem,CILEM3GF6Q4WEGMJ,Corporate,Technology,Computer Peripherals,Small Box,539bb71ee857860f108b34f9b1027ecd
0d1e2e893685c6cbf848c2dbf6fc3c40,2020-04-16 02:58:54 +0000,019c630afc7bac80be352bc19fa13130,Portable Personal File Box,SOPFJGPJNJAMA2GX,Corporate,Office Supplies,Storage & Organization,Small Box,802394c3e632e51194fd0d09df9463e4
cfcb9eb76cd689715968a6e473fe4270,2020-05-05 00:18:03 +0000,01a10f62de1f0bf9c5350d0adb74c95c,Fellowes PB500 Electric Punch Plastic Comb Binding Machine with Manual Bind,ROHFZHJG2WGZGVBK,Corporate,Office Supplies,Binders and Binder Accessories,Small Box,a1861aa400d5238503b359061c148fae
3c25c9dc1f7eb3f614eda9c963d07a8a,2020-06-19 00:09:37 +0000,01a1b5d777a861a968ca73bf08e0a8cc,Poly Designer Cover & Back,KHRF3EUDRASZSHKM,Corporate,Office Supplies,Binders and Binder Accessories,Small Box,5682d71a95b9e4fe1ad123c6d83bec2f
f6fa05e74f21c674333e197ee8ac4424,2020-04-22 00:07:51 +0000,01a65ee68e0b758eecbd4b2629fd632e,3390,SPEFGJYXDUYGHPGG,Corporate,Technology,Telephones and Communication,Small Box,305ed45e961b11ab496cd9e252c9225e
a0f4ad14d1b40a4c8731000c6c509173,2020-05-18 22:42:17 +0000,01a8ae4a528d9fc1f8e451723de74654,"Avery Flip-Chart Easel Binder, Black",SOXFD4HJNBBE8MFH,Corporate,Office Supplies,Binders and Binder Accessories,Small Box,9d36f93f1cb1ec9f91a2b5b9fbb86154
98b4d2ad2951ef022c96dbe402c1e158,2020-04-23 01:29:42 +0000,01a9660c590970ae2725fe3587c62dd2,Fellowes 17-key keypad for PS/2 interface,MSCFFDSNUBZBCZGK,Corporate,Technology,Computer Peripherals,Small Box,74ce640860e3933d18dce49f24cd2f84
500fe86cb826c314020c21eb1ef31ccb,2020-05-20 21:28:16 +0000,01b14d57530f5a0839f2777dcc4486e7,Ibico Covers for Plastic or Wire Binding Elements,DBSFG3NHPFGEF9YW,Corporate,Office Supplies,Binders and Binder Accessories,Small Box,c4e4f8752cf0d7321c3e9fb351fbc3fd
3dd4afefc3e686970895b0221c240b35,2020-05-23 08:12:22 +0000,01b16b40d35b19daedae86041b3d838e,Fellowes Command Center 5-outlet power strip,NBRFP7YY9SNMWFAW,Corporate,Office Supplies,Appliances,Small Box,e2d7f8674ee4e6532d160bdbdbb77695
b058918775fdbcc60ad4d68b1bbc0ee1,2020-06-28 06:15:10 +0000,01b5e0f8d1edcb870428e0f4a2dfb80f,"GBC Prepunched Paper, 19-Hole, for Binding Systems, 24-lb",HRMFN6RYRBYAJQGZ,Corporate,Office Supplies,Binders and Binder Accessories,Small Box,f527d37a5cb03b0641c7ead75e49c5c4
514895404f65d18decccf281b8fcd290,2020-06-28 06:17:29 +0000,01b8ead7a4f0dfd9e0921c88628e0072,Microsoft Internet Keyboard,MKTFZ59QGGYHYNHE,Corporate,Technology,Computer Peripherals,Small Box,5c690df6c443f6bb4fdeb55ae49731b8
caeca88e1e7c972c06aba8d9848fae93,2020-04-27 14:12:51 +0000,01c12b0dbb0c6ec4c3f67053dacb2b2d,Belkin 8 Outlet SurgeMaster II Gold Surge Protector,BLIFZEAZKF64FVN3,Corporate,Office Supplies,Appliances,Small Box,235a96f7219a2e9ac0c630dda6c67b41
97bb162b8ec7a41fed5411167ca8d017,2020-04-27 18:11:44 +0000,01c2f80bd14c16741a25a7e912213a8b,"Recycled Interoffice Envelopes with String and Button Closure, 10 x 13",CBKFQWEPJTYQMVWE,Corporate,Office Supplies,Envelopes,Small Box,2e95ef656607f0df3e8486b49d204a8b
e5625f1bc92ecb3a130e7b3b30ddef7a,2020-05-07 08:32:57 +0000,01c31c7f5e9985a1465892a48fa0bbc0,"DXL™ Angle-View Binders with Locking Rings, Black",SHVEYT7GDECYMV4T,Corporate,Office Supplies,Binders and Binder Accessories,Small Box,00e0607b7b6fcabfb2e4dd91d5e06987
bee23ed242d7cacb9773d254d7f4ed68,2020-04-22 07:34:50 +0000,01c4d3393a8d50f1deb87783798f36d1,8260,BTWF5R53YAMYWC82,Corporate,Technology,Telephones and Communication,Small Box,a189efe097d145ce28382e5129caec1a
acadadd504b6e59be8608c451c37123f,2020-06-21 20:04:36 +0000,01c7973c4ea2f37920c78766b83ad7aa,Newell® 3-Hole Punched Plastic Slotted Magazine Holders for Binders,PAEERRDNANV6CNYJ,Corporate,Office Supplies,Binders and Binder Accessories,Small Box,eb6b7a006478074b4e1fe72171f4e618
46bba2e05d5e119abb1068d7fa78e1f3,2020-04-14 21:20:20 +0000,01cb93bde5aa67fcf92a17e83a9d0015,Laser & Ink Jet Business Envelopes,CBKF3K3BDNHAHFVJ,Corporate,Office Supplies,Envelopes,Small Box,5303be6c83d4adb31705b62b45e716d0
534e214f1f5710cddf03d877c4462cd9,2020-05-05 03:36:37 +0000,01cd31ef435d1d69e1b3760c3dd022ae,Avery 51,ECMETFAYY3TMYPAF,Corporate,Office Supplies,Labels,Small Box,61140674b0f88f60d53a8696bbf9fbf0
16172374e64b228309de3de33d31e3a1,2020-05-16 12:13:37 +0000,01ce21aeaba5770f4c335a3d62798706,Avery Poly Binder Pockets,BWSF9D8A73NYRJ2A,Corporate,Office Supplies,Binders and Binder Accessories,Small Box,4bf68af8032a8511996aeb69ecf33717
d37e54145941656b008746a13b87c457,2020-06-03 12:02:23 +0000,01d010dda9da2a96f86d84786bfe8057,"Dot Matrix Printer Tape Reel Labels, White, 5000/Box",TTTFG5GF8JX895UF,Corporate,Office Supplies,Labels,Small Box,636fc342baff52c231b87df763cf00a0
546acb53542938e0a12ce1bf3c555881,2020-04-22 15:04:18 +0000,01d1d8577c67b21318e9e0774238a355,Premium Transparent Presentation Covers by GBC,VSLFC8FHAVPFJY8F,Corporate,Office Supplies,Binders and Binder Accessories,Small Box,4900324682ab345d361768da58dfd060
0f169b01988fa70e9b5afb835c295662,2020-05-26 18:35:21 +0000,01d4c3cec33e9e7927c919c97eefa78d,Brown Kraft Recycled Envelopes,HCBFKN24QDUH64DZ,Corporate,Office Supplies,Envelopes,Small Box,b86db789a99d336fcc79bfdcfd63cc1f
3affba7f593808eb68f6bbf4a8e47186,2020-04-23 13:30:10 +0000,01d4cda3891dfb3b7e334e47df0ee6c1,A1228,DEOFM783YWTA4PGF,Corporate,Technology,Telephones and Communication,Small Box,3fa55988bb9853223b3597b2a2e8aa6f
a0fdfc256b52d4a69b3e32820195df8c,2020-06-28 15:20:45 +0000,01d70b7e2c5cb1e2298a9d1fbd4a0785,8290,PLWE9PNMGJFK9GJT,Corporate,Technology,Telephones and Communication,Small Box,4e647785eed5f289fe9bf27958cfaf19
949d5d669ad0fea1badcdc3b60649154,2020-04-29 21:59:48 +0000,01de9facc03d22644dbaa75c7f7b9fec,Avery 491,SPCFRAY2ZDWGF7GH,Corporate,Office Supplies,Labels,Small Box,ea07b67e15a511e7dea38c33f21e6887
14948fb020fdccae293ee75d8098d4c9,2020-06-13 22:22:52 +0000,01de9facc03d22644dbaa75c7f7b9fec,T18,SPCFRAY2ZDWGF7GH,Corporate,Technology,Telephones and Communication,Small Box,9e53bfdb60e6ad51ba02cb4b44437a1a
3bc347c3c695759eabd64cf7e68c3214,2020-05-07 20:55:59 +0000,01df7efb7aa4ae3d7ef7da6a82f4e502,"Fellowes Smart Design 104-Key Enhanced Keyboard, PS/2 Adapter, Platinum",WSLFJF5XQPNMFSXN,Corporate,Technology,Computer Peripherals,Small Box,bd61c09a35833b8942143c74158b6e10
d6e948b7032d0f8a0b1af4c3f0487093,2020-05-30 01:03:03 +0000,01dfa884fe68c69f83b45a0b5f59617b,Peel & Stick Add-On Corner Pockets,MATEXBUEAGWQUUZE,Corporate,Office Supplies,Binders and Binder Accessories,Small Box,cff11a1ef614f03788d86ea1df56cd65
895aa4bc4cc87efd56b5b8b82b7e9c46,2020-05-21 00:47:15 +0000,01e1dd649470db5312321545b78b8420,Eureka The Boss® Cordless Rechargeable Stick Vac,CRLFY79HBRA7WWZF,Corporate,Office Supplies,Appliances,Small Box,ac202678574138eb64125af652238602
8f2f22be24d383292f1d2a953ab4a9ba,2020-05-18 22:01:19 +0000,01e23a1a164d7c5a700168cde33ba9a9,Xerox 1905,ESDEXHGGCBHHQGB2,Corporate,Office Supplies,Paper,Small Box,890e9bd87399a51b1b28b932511a5bfa
10303c85e622ef7ef0bbf021e33e459f,2020-04-29 18:11:29 +0000,01e29836581d585227593e7b17400799,Kensington 7 Outlet MasterPiece Power Center,FCWFGBK2XYQGE6WT,Corporate,Office Supplies,Appliances,Small Box,acd34511e006e4181ec5096ad872ee7d
0bfa873ef236bf58d63da01f1676d4af,2020-05-14 16:29:22 +0000,01e458084ea970538f15ebddaa0dab45,"Fellowes Twister Kit, Gray/Clear, 3/pkg",UMBF6M4HUFGPW8V2,Corporate,Office Supplies,Binders and Binder Accessories,Small Box,dfd7b7769d37a3a4711938b2b5fbf75e
d791a0d45165b2787ac8506b86d41d8f,2020-04-23 18:34:48 +0000,01e7fac8847becc5bfdc481b504a5fa7,Logitech Access Keyboard,DEOFJ2ZVCMF7PP4Q,Corporate,Technology,Computer Peripherals,Small Box,411f939ce0b8cfe90c431520bb059907
e37ef48cef6595951a91af6ab7d4ace4,2020-04-13 22:20:05 +0000,01ee6b45d7dd1cda09eeff9116871f8f,"Conquest™ 14 Commercial Heavy-Duty Upright Vacuum, Collection System, Accessory Kit",DBSFZY22SWKG5NJM,Corporate,Office Supplies,Appliances,Small Box,1ef136ce5aaba378167e4aae68f37022
ed1ea39240dcf2fb389fbb87da10f2e2,2020-05-28 09:11:15 +0000,01ee973ba22efd8c3ab0a4bcb45032d4,GBC DocuBind P100 Manual Binding Machine,FNDF4HH7D9TCDBZD,Corporate,Office Supplies,Binders and Binder Accessories,Small Box,421b7ed0e735d6ab64c698dc153f8bb3
339b5ad201cb79b33fa424e1495ea22e,2020-04-21 01:23:58 +0000,01f1656b80d4133da3b2b1c4c74d4d81,Avery 497,DBSFG2M2SKKV3GMW,Corporate,Office Supplies,Labels,Small Box,605002267650aec3fd87a415d3c850d3
12f9fc0443636862e95c3c9264cdc290,2020-06-18 22:52:38 +0000,01f28c41c495e50210b21fc9e114dc11,"Manila Recycled Extra-Heavyweight Clasp Envelopes, 6"" x 9""",MASFGF3PQ94YGNGV,Corporate,Office Supplies,Envelopes,Small Box,cb3f181207dbd6ffe3604fc1ff84def0
92707daf189aaebe3047bbe5347953ff,2020-06-02 02:57:18 +0000,01f4df4afa2ef603780565756d9ea24f,Keytronic Designer 104- Key Black Keyboard,FRNFJ39HS52UF4MF,Corporate,Technology,Computer Peripherals,Small Box,8e32eccff4ee67eb3ec5d380fadb3e4e
44c3e1ce32a88f51abf25a896f2fa8a3,2020-04-15 17:55:15 +0000,0203dbc9662b2d82e9bf63f62da36476,Ibico Covers for Plastic or Wire Binding Elements,FCWF9HVF3FGCHXPT,Corporate,Office Supplies,Binders and Binder Accessories,Small Box,58df2a99a16b45042734ee8d911a6702
9e1c351a06a2c08948e75bddd74358ca,2020-06-28 09:52:38 +0000,020bbfadb8fec1d6751048771af6e379,LX 677,DTHFSPUSQS4KMA32,Corporate,Technology,Telephones and Communication,Small Box,c9312e621d7dcf40ff122bcf7f44c47c
42c0a0864f5e1696e5e33edb3d411738,2020-04-21 23:26:42 +0000,020e9633324efc67e2d63373be7647ad,Acco Suede Grain Vinyl Round Ring Binder,PRMFHV4V2EMVECPY,Corporate,Office Supplies,Binders and Binder Accessories,Small Box,f095e861d77b6774224e2cb24e702b7c
f57b2106c47e41c0221649ea98de6220,2020-05-19 12:51:42 +0000,020fc5e850ce14d534a1803ae95596cf,Xerox 213,UMBFG4CAZTWYBDPH,Corporate,Office Supplies,Paper,Small Box,25148eb3532894cc2e5656efee3c6496
c747837804b33f13e51c6d1e91df5d7f,2020-04-13 15:16:19 +0000,02101dfbf7ec9537287a5cb97b132f00,"Staples #10 Laser & Inkjet Envelopes, 4 1/8"" x 9 1/2"", 100/Box",CBKFGY37TEVAFBGH,Corporate,Office Supplies,Envelopes,Small Box,021cbfe77a8d22f2437c63c159ef3645
0dcb240fd1470a00ec3bba80480b2b28,2020-06-21 17:04:31 +0000,0213094bbdcc6b4d0153fd1a5794f2af,"Micro Innovations Micro Digital Wireless Keyboard and Mouse, Gray",WSLFZUZ8TSRYVQC7,Corporate,Technology,Computer Peripherals,Small Box,3b00a437ec6114235bb9884c578b6e55
10980399859198d406364ea2e89b8527,2020-04-27 10:58:34 +0000,02135887613d2e9e07e0fa44fca7287d,Zoom V.92 V.44 PCI Internal Controllerless FaxModem,ESMFJHR9RZDHHWBY,Corporate,Technology,Computer Peripherals,Small Box,28479acb9d8d72196fc97105aba3e900
b30aea09cdfa2453a5207686e1699d93,2020-04-30 22:43:10 +0000,02139a98e1d9e49cdd37fe651fb197b3,Zoom V.92 USB External Faxmodem,TCKEG72HGJCHTQDH,Corporate,Technology,Computer Peripherals,Small Box,85ae1b5ff4eabe63f8bf10bb0294fe8d
dbe75680ae7d394a66eb630017cbb3df,2020-04-14 17:23:53 +0000,0213cb22a2a420da8071d5055c66d7d2,"Wilson Jones Ledger-Size, Piano-Hinge Binder, 2"", Blue",SOPF53NTDVUQEXCN,Corporate,Office Supplies,Binders and Binder Accessories,Small Box,ad7568c76b7a2bee66a5ed644221a7c8
ae1d98a9158d5318ab54907ebd85dbb9,2020-05-18 12:39:31 +0000,021599eb8bc3e472c9c7d40e03c41f02,V 3600 Series,TBHFKAYFZUVBVSHZ,Corporate,Technology,Telephones and Communication,Small Box,dcbcd4b60a07a17908e90e3d20948050
1dbfbc156f69824c50e44d01c73bb7cb,2020-05-31 12:38:08 +0000,021bcb9321f8dec5c9444a3fc2fdedb7,Lock-Up Easel 'Spel-Binder',BLBFMVZBM2DCZQRG,Corporate,Office Supplies,Binders and Binder Accessories,Small Box,0fa28d10364daee01425bf0d3b2b329f
777f502350b80bf9da955784979d42b3,2020-04-30 07:01:40 +0000,021fa7bba87cdbaf2315297aa53a72e0,U.S. Robotics 56K Internet Call Modem,SOPF9JYNBFGNRXCJ,Corporate,Technology,Computer Peripherals,Small Box,693a041e09d4e4501d758047f3fb92e6
803d71962c922f40d0352a8c2ec2746b,2020-04-22 10:13:57 +0000,0221cdafbfad2d062a89a65412cf37a6,Xerox 1920,MASFGNBFQCZJPSJG,Corporate,Office Supplies,Paper,Small Box,e61938d7bedb7ffa53a23460e8438fb2
579e703eff26c62ea6e8e7799c960dd5,2020-05-05 14:40:41 +0000,022654d0b3433835153ae97d478a0b84,688,LOCEZ5TPQRB2YPHP,Corporate,Technology,Telephones and Communication,Small Box,18f2eb7b169b7b182936a8ce4e5e6215
eb34c1d2c6807285529adb1fd428ffec,2020-04-29 21:48:53 +0000,022a6efe7d7e7be2f139f4df38567857,Ibico EB-19 Dual Function Manual Binding System,HRMFZD7KX9WY8EC6,Corporate,Office Supplies,Binders and Binder Accessories,Small Box,5019a00a5641ab91568bf3433413c7da
107738da0b4fd31e01245e3cc0ae82d3,2020-05-31 07:29:47 +0000,022dbdf5fab43aa39d3c188a4744f539,"IBM Multi-Purpose Copy Paper, 8 1/2 x 11"", Case",HRMFG29KWAYFKZQJ,Corporate,Office Supplies,Paper,Small Box,0335e58da7731c82ff18ac94818fbc23
594e7010e8ee45c9070c40897005c9a8,2020-06-10 12:41:00 +0000,0232211791bf6a41a0f0e9ae3a2c6444,Southworth 25% Cotton Premium Laser Paper and Envelopes,CILFFBXASZJZGKQJ,Corporate,Office Supplies,Paper,Small Box,033c77f60fc27e86874c42b25fa2002d
a036beea14f3e406444afd9eb3d7b1b9,2020-04-20 14:35:37 +0000,023460223c765f6f61513404d44b088c,Timeport L7089,DNSEJZGMS29ECENT,Corporate,Technology,Telephones and Communication,Small Box,1461533e82c8888c89a63009734738e9
94bc3d613458f1c932080a38cd7bdc69,2020-04-21 13:27:45 +0000,02388c0c019651e1a2f83a34d33a5ca5,"Fellowes Smart Surge Ten-Outlet Protector, Platinum",MKTFHB8AKVNMWEWR,Corporate,Office Supplies,Appliances,Small Box,900ff503affd21f8bb8a67bfca2db8a2
1c8bd46d9c4ee7980715cf1c257a866a,2020-06-01 20:46:39 +0000,0238a3f22a1cfb917e90f28193681e60,"Pressboard Covers with Storage Hooks, 9 1/2"" x 11"", Light Blue",HSYEXFADWWRHAJFR,Corporate,Office Supplies,Binders and Binder Accessories,Small Box,b82b770407d28f86fdeb5ecf52159773
